Luis R. Almodovar, V. M. Rosado, Juan J. Irizarry, Marine Botany Class	fix2019 Luis R. Almodovar, V. M. Rosado, Juan J. Irizarry, Marine Botany Class	1
Ralph A. Lwein, Lanna Cheng	fix2019 Ralph A. Lwein, Lanna Cheng	1
E. Allen, A. V. Duthie	fix2019 E. Allen, A. V. Duthie	1
N. J. Eisman, R. Roesch	fix2019 N. J. Eisman, R. Roesch	1
F. S. Wagner, G. F. Papenfuss	fix2019 F. S. Wagner, G. F. Papenfuss	1
B. Luter, A. V. Duthie	fix2019 B. Luter, A. V. Duthie	1
Sharon Gray, Marsha Black, Joanna R. Leung, Steve Boyce	fix2019 Sharon Gray, Marsha Black, Joanna R. Leung, Steve Boyce	1
O. F. Cook, G. B. Gilbert	fix2019 O. F. Cook, G. B. Gilbert	1
Isaac Holden, Isaac Holden	fix2019 Isaac Holden, Isaac Holden	1
G. A. C. Herklots, fishermen from Shankiwan	fix2019 G. A. C. Herklots, fishermen from Shankiwan	11
Wm. Randolph Taylor, A.J. Bernatowicz	fix2019 Wm. Randolph Taylor, A.J. Bernatowicz	4
F. Leslie, Minnie Reed	fix2019 F. Leslie, Minnie Reed	10
W. A. Setchell, Wadsworth	fix2019 W. A. Setchell, Wadsworth	1
Luis R. Almodovar, V. and F. Rivas	fix2019 Luis R. Almodovar, V. and F. Rivas	2
Paul J. Philson, C. M. Crosby, L. A. Doorf, T. T. Earle., L. M. Jones, M. H. Jones	fix2019 Paul J. Philson, C. M. Crosby, L. A. Doorf, T. T. Earle., L. M. Jones, M. H. Jones	2
M. du Raan, A. V. Duthie	fix2019 M. du Raan, A. V. Duthie	1
Peter Nelson, Charles Budd Robinson, Jr.	fix2019 Peter Nelson, Charles Budd Robinson, Jr.	2
Wm R. Taylor, A. J. Bernatowicz	fix2019 Wm R. Taylor, A. J. Bernatowicz	2
Lee Bonar, N. L. Gardner	fix2019 Lee Bonar, N. L. Gardner	1
W. A. Setchell, W. S. Wadsworth	fix2019 W. A. Setchell, W. S. Wadsworth	1
David Porterfield, Ralph H. Mizell	fix2019 David Porterfield, Ralph H. Mizell	1
A. Nash, V. K. Nash, I. B. Warnock	fix2019 A. Nash, V. K. Nash, I. B. Warnock	2
C. Z. Mazzyn, A. V. Duthie	fix2019 C. Z. Mazzyn, A. V. Duthie	2
Rudolf schmid, Raymond B. Phillips	fix2019 Rudolf schmid, Raymond B. Phillips	1
R. K. S. Lee, J. Boom, P. Newroth	fix2019 R. K. S. Lee, J. Boom, P. Newroth	1
Luis R. Almodovar, V. M. Rosado, W. Irizarry, J. J. Irizarry, and Captain Felix	fix2019 Luis R. Almodovar, V. M. Rosado, W. Irizarry, J. J. Irizarry, and Captain Felix	1
F. A. McClure, Chinese fishermen	fix2019 F. A. McClure, Chinese fishermen	6
Luis R. Almodovar, F. Pagán, V. M. Rosado, H. Austin, J. Irizarry, and Captain Felix	fix2019 Luis R. Almodovar, F. Pagán, V. M. Rosado, H. Austin, J. Irizarry, and Captain Felix	2
Wm. Trelease, De Alton Saunders	fix2019 Wm. Trelease, De Alton Saunders	13
R. Pienaar, Wynne	fix2019 R. Pienaar, Wynne	1
Otto Degener, Iso Degener	fix2019 Otto Degener, Iso Degener	4
F. Tseng, M. Tseng	fix2019 F. Tseng, M. Tseng	1
Robert W. Ricker, A. Dick	fix2019 Robert W. Ricker, A. Dick	2
John Cocks, M. D.	fix2019 John Cocks, M. D.	2
F. Engles, A. V. Duthie	fix2019 F. Engles, A. V. Duthie	1
V. Fick, A. V. Duthie	fix2019 V. Fick, A. V. Duthie	1
R. Ricker, L. Torre-grossa	fix2019 R. Ricker, L. Torre-grossa	1
Lawrence M. Jones, C. M. Crosby, L. A. Doore, T. T. Earle, J. E. Tilden, M. H. Jones, A. Nash, V. K. Nash, P. J. Philson, I. B. Warnock, and V. R. Warnock	fix2019 Lawrence M. Jones, C. M. Crosby, L. A. Doore, T. T. Earle, J. E. Tilden, M. H. Jones, A. Nash, V. K. Nash, P. J. Philson, I. B. Warnock, and V. R. Warnock	1
David Porterfield, Ralph H. Mizell, Rick Meyer	fix2019 David Porterfield, Ralph H. Mizell, Rick Meyer	1
Gary Powell, Steve Boyce, Thomas Greene	fix2019 Gary Powell, Steve Boyce, Thomas Greene	1
L. R. Almodovar, Fco. Pagán, B. & C. Cutress	fix2019 L. R. Almodovar, Fco. Pagán, B. & C. Cutress	2
R. L. Moe, G. Zumwalt	fix2019 R. L. Moe, G. Zumwalt	3
Luis R. Almodovar, F. Pagán, V. M. Rosado, J. Irizarry	fix2019 Luis R. Almodovar, F. Pagán, V. M. Rosado, J. Irizarry	1
Carl Johnson, E. Yale Dawson 2496	fix2019 Carl Johnson, E. Yale Dawson 2496	1
R. F.	fix2019 R. F.	1
Caroline M. Crosby, J. Tilden	fix2019 Caroline M. Crosby, J. Tilden	1
C. Dawes, BO-443 class field trip.	fix2019 C. Dawes, BO-443 class field trip.	1
L. R. Almodovar, V. M. Rosado, J. Gonzalez, Capt. Felix, Wilson Irizarry	fix2019 L. R. Almodovar, V. M. Rosado, J. Gonzalez, Capt. Felix, Wilson Irizarry	2
P. A. Cordero, Vendivil	fix2019 P. A. Cordero, Vendivil	3
E. A. Willa, G. F. Papenfuss	fix2019 E. A. Willa, G. F. Papenfuss	1
Giles W. Mead, Parry Mead, Tony Ferriera	fix2019 Giles W. Mead, Parry Mead, Tony Ferriera	1
Codero, Lopez	fix2019 Codero, Lopez	1
M. Lomo, University of Cape Town Ecological Survey	fix2019 M. Lomo, University of Cape Town Ecological Survey	1
A. Wassels, A. V. Duthie	fix2019 A. Wassels, A. V. Duthie	1
Richard D. Hill, M. Farwell	fix2019 Richard D. Hill, M. Farwell	2
A. A. Lawson, L. E. Hunt	fix2019 A. A. Lawson, L. E. Hunt	9
J. H. Stander, A. V. Duthie	fix2019 J. H. Stander, A. V. Duthie	4
E. Cerrate, S. Cruz, C. Acleto	fix2019 E. Cerrate, S. Cruz, C. Acleto	2
F. C. Croley, C. J. Dawes, John Lawrence	fix2019 F. C. Croley, C. J. Dawes, John Lawrence	1
W. E. Isaac, G. F. Papenfuss	fix2019 W. E. Isaac, G. F. Papenfuss	1
F. Filarszky, G. Moesz	fix2019 F. Filarszky, G. Moesz	2
J. E. Tilden, C. M. Crosby, L. A. Doore, T. T. Earle, L. M. Jones, M. H. Jones, A. Nash, V. K. Nash, P. J. Philson, I. B. Warnock, and V. R. Warnock	fix2019 J. E. Tilden, C. M. Crosby, L. A. Doore, T. T. Earle, L. M. Jones, M. H. Jones, A. Nash, V. K. Nash, P. J. Philson, I. B. Warnock, and V. R. Warnock	1
Luis R. Almodovar, J. J. Irizarry	fix2019 Luis R. Almodovar, J. J. Irizarry	2
L. M. Lamb, U. V. Metzger	fix2019 L. M. Lamb, U. V. Metzger	1
G. B. De Toni, D. Levi	fix2019 G. B. De Toni, D. Levi	3
C. Limbaugh, C. Limbaugh	fix2019 C. Limbaugh, C. Limbaugh	2
Hauck, Richter	fix2019 Hauck, Richter	1
G. Morin, A. V. Duthie	fix2019 G. Morin, A. V. Duthie	1
E. Shong, A. Asahina	fix2019 E. Shong, A. Asahina	1
N. J. v.d. Mowe, A. V. Duthie	fix2019 N. J. v.d. Mowe, A. V. Duthie	1
L. R. Almodovar, V. M. Rosado, J. Gonzalez, W. Irizarry and Capt. Felix	fix2019 L. R. Almodovar, V. M. Rosado, J. Gonzalez, W. Irizarry and Capt. Felix	1
John St. Mary, Cyn Dartez, Lani Jacobs, Patrick Kelly, Enoch Garcia, Ross Durland, Gary Powell, Ed Ketterer, Cynthia Hipp, Sharon Gray, Kyle Basinger, Joanna R. Leung, Steve Boyce	fix2019 John St. Mary, Cyn Dartez, Lani Jacobs, Patrick Kelly, Enoch Garcia, Ross Durland, Gary Powell, Ed Ketterer, Cynthia Hipp, Sharon Gray, Kyle Basinger, Joanna R. Leung, Steve Boyce	1
L. Norden, A. V. Duthie	fix2019 L. Norden, A. V. Duthie	1
J. J. Irizarry, Luis R. Almodovar	fix2019 J. J. Irizarry, Luis R. Almodovar	1
J. Tilden, Violet K. Nash	fix2019 J. Tilden, Violet K. Nash	1
P. A. Cordero, Yambao, dela Cruz	fix2019 P. A. Cordero, Yambao, dela Cruz	1
H. Ito, G. Komori	fix2019 H. Ito, G. Komori	1
G. Kraft, R. W. R.	fix2019 G. Kraft, R. W. R.	1
R. W. Ricker, D. S. Horning	fix2019 R. W. Ricker, D. S. Horning	1
E. Y. Dawson, David Fork	fix2019 E. Y. Dawson, David Fork	3
E. Loww, A. V. Duthie	fix2019 E. Loww, A. V. Duthie	1
Walter Kiener, Walter Kiener	fix2019 Walter Kiener, Walter Kiener	1
Henry Kekoanai, J. Newhouse	fix2019 Henry Kekoanai, J. Newhouse	1
Malia Maku, Minnie Reed	fix2019 Malia Maku, Minnie Reed	3
J. N. Rose, P. G. Russell	fix2019 J. N. Rose, P. G. Russell	1
De Alton Saunders, Wm. Trelease	fix2019 De Alton Saunders, Wm. Trelease	1
Giles W. Mead, Parry Mead, Tony Rerriera	fix2019 Giles W. Mead, Parry Mead, Tony Rerriera	1
H. K. Phinney, G. S. Phinney, W. H. Hansen	fix2019 H. K. Phinney, G. S. Phinney, W. H. Hansen	1
M. Wynne, Tim Entwisle	fix2019 M. Wynne, Tim Entwisle	1
C. H. Young, W. Spreadborough	fix2019 C. H. Young, W. Spreadborough	1
William. A. Daily, Fred Kenayer	fix2019 William. A. Daily, Fred Kenayer	1
R. W. Ricker, F. J. Scott	fix2019 R. W. Ricker, F. J. Scott	5
G. E. DuPlessius, A. V. Duthie	fix2019 G. E. DuPlessius, A. V. Duthie	1
R. L. Moe, T. Roberts	fix2019 R. L. Moe, T. Roberts	1
C. Dawes, S. E. Taylor	fix2019 C. Dawes, S. E. Taylor	1
H. K. Phinney, G. S. Phinney	fix2019 H. K. Phinney, G. S. Phinney	5
H. H. Haskins, T. C. Nelson	fix2019 H. H. Haskins, T. C. Nelson	1
R. D. Hill, N. Bannister	fix2019 R. D. Hill, N. Bannister	2
L. R. Almodovar, f. Pagan, H. Austin, Jose Gonzales, J. Irizarry, V. M. Rosado	fix2019 L. R. Almodovar, f. Pagan, H. Austin, Jose Gonzales, J. Irizarry, V. M. Rosado	1
R. W. Ricker, J. K. Lowry	fix2019 R. W. Ricker, J. K. Lowry	2
L. R. Almodovar, V. y F. Rivas	fix2019 L. R. Almodovar, V. y F. Rivas	3
Marie Neal, W. A. Setchell	fix2019 Marie Neal, W. A. Setchell	1
Luis R. Almodovar, F. Pagan, V. M. Rosado, Herbert Austin, Sheila Austin, J. Rees, Captain Frederick	fix2019 Luis R. Almodovar, F. Pagan, V. M. Rosado, Herbert Austin, Sheila Austin, J. Rees, Captain Frederick	1
Lani Jacobs, Thomas Grohman and Cyn Dartez	fix2019 Lani Jacobs, Thomas Grohman and Cyn Dartez	1
Luis R. Almodovar, V. M. Rosado, J. J. Irizarry, F. Pagán	fix2019 Luis R. Almodovar, V. M. Rosado, J. J. Irizarry, F. Pagán	1
D. Eie, A. V. Duthie	fix2019 D. Eie, A. V. Duthie	1
Thomas T. Earle, J. Tilden	fix2019 Thomas T. Earle, J. Tilden	1
H. Syphus, A. V. Duthie	fix2019 H. Syphus, A. V. Duthie	4
A. Hambly, T. Chess	fix2019 A. Hambly, T. Chess	1
Sylvia A. Earle, Elizabeth Taylor, Richie Taylor	fix2019 Sylvia A. Earle, Elizabeth Taylor, Richie Taylor	1
A. Hamel-J, G. Hamel	fix2019 A. Hamel-J, G. Hamel	1
L. C. Botha, A. V. Duthie	fix2019 L. C. Botha, A. V. Duthie	1
E. Yale Dawson, J. Domantay	fix2019 E. Yale Dawson, J. Domantay	1
J. Steyr, A. V. Duthie	fix2019 J. Steyr, A. V. Duthie	1
R. Nielsen, K. Dahl	fix2019 R. Nielsen, K. Dahl	1
W. E. Martin, R. S. Stevens	fix2019 W. E. Martin, R. S. Stevens	3
J. Feldman, G. Feldmann	fix2019 J. Feldman, G. Feldmann	1
E. Yale Dawson, Carl L. Hubbs and party	fix2019 E. Yale Dawson, Carl L. Hubbs and party	1
M. E. Malan, A. V. Duthie	fix2019 M. E. Malan, A. V. Duthie	1
Mr. Bertram, Cyril Crossland	fix2019 Mr. Bertram, Cyril Crossland	1
D. Gie, A. V. Duthie	fix2019 D. Gie, A. V. Duthie	1
G. T. Kraft, R. W. Ricker	fix2019 G. T. Kraft, R. W. Ricker	1
W. R. Taylor, Gardner	fix2019 W. R. Taylor, Gardner	1
H. Symmonds, K. Waldron	fix2019 H. Symmonds, K. Waldron	1
M. C. Marino, D. P. Santos	fix2019 M. C. Marino, D. P. Santos	1
M. Neushul, R. Vadas	fix2019 M. Neushul, R. Vadas	1
J. Prentice, R. Roesch	fix2019 J. Prentice, R. Roesch	1
T. A. Stephenson, Anne'	fix2019 T. A. Stephenson, Anne'	1
H. Kumm, A. V. Duthie	fix2019 H. Kumm, A. V. Duthie	1
Ralph A. Lewsin, Lanna Cheng	fix2019 Ralph A. Lewsin, Lanna Cheng	1
R. W. Ricker, G. I. McFadden	fix2019 R. W. Ricker, G. I. McFadden	1
R. Hooper, D. Reddin, D. Keats	fix2019 R. Hooper, D. Reddin, D. Keats	2
T. Kitayama, H. Taniguchi	fix2019 T. Kitayama, H. Taniguchi	1
F. Von Müller, W. A. Setchell	fix2019 F. Von Müller, W. A. Setchell	1
R. Ricker, L. Torregrosa	fix2019 R. Ricker, L. Torregrosa	1
Ratricia [ Delendick ] Alexandre, Laurence Alexandre, Patrick Lawrence, Victor Alexandre, Rosemary [ Delendick ] Mandella, William Mandella, and Walter Klinger	fix2019 Ratricia [ Delendick ] Alexandre, Laurence Alexandre, Patrick Lawrence, Victor Alexandre, Rosemary [ Delendick ] Mandella, William Mandella, and Walter Klinger	1
Sharon Gray, Gary Powell, Ross Durland	fix2019 Sharon Gray, Gary Powell, Ross Durland	1
Luis R. Almodovar, f. Pagan, H. Austin, Jose Gonzales Libey, J. Irizarry, V. Rosado	fix2019 Luis R. Almodovar, f. Pagan, H. Austin, Jose Gonzales Libey, J. Irizarry, V. Rosado	1
K. A. Miller, Kelp-Urchin-Otter Reseach Group	fix2019 K. A. Miller, Kelp-Urchin-Otter Reseach Group	1
E. Y. Dawson, M. S. Doty, J. Newhouse	fix2019 E. Y. Dawson, M. S. Doty, J. Newhouse	1
Harold J. Humm, Sylvia A. Earle	fix2019 Harold J. Humm, Sylvia A. Earle	1
Ricardo Soto S., E. Holst	fix2019 Ricardo Soto S., E. Holst	1
C. J. Dawes, Croley, Lawrence	fix2019 C. J. Dawes, Croley, Lawrence	1
F. A. McClure, Chinese villagers	fix2019 F. A. McClure, Chinese villagers	1
I. van der Riet, A. V. Duthie	fix2019 I. van der Riet, A. V. Duthie	1
A. Nash, V. Nash, J. Tilden	fix2019 A. Nash, V. Nash, J. Tilden	1
R. Hooper, D. Reddin	fix2019 R. Hooper, D. Reddin	2
Deverel, Minnie Reed	fix2019 Deverel, Minnie Reed	2
M. Nagai, M. Shim Amura	fix2019 M. Nagai, M. Shim Amura	1
Miss Carter, N. L. Gardner	fix2019 Miss Carter, N. L. Gardner	1
W. A. Setchell, W. A. Setchell	fix2019 W. A. Setchell, W. A. Setchell	1
E. S. Marais, A. V. Duthie	fix2019 E. S. Marais, A. V. Duthie	1
M. A. Pocock, H. Parolis	fix2019 M. A. Pocock, H. Parolis	1
Ralph H. Mizell, Charles W. Anderson	fix2019 Ralph H. Mizell, Charles W. Anderson	2
F. Angermyer, S. A. Earle, E. Janss, A. Howe, R. Maestrell	fix2019 F. Angermyer, S. A. Earle, E. Janss, A. Howe, R. Maestrell	1
David Porterfield, Arthur F. Akard, Elaine Brigham	fix2019 David Porterfield, Arthur F. Akard, Elaine Brigham	1
D. E. Harper, Jr., Burke, Thomas	fix2019 D. E. Harper, Jr., Burke, Thomas	1
Arthur Nash, Mildren H. Jones	fix2019 Arthur Nash, Mildren H. Jones	1
N. Gist Gee, Rock Institute, Su-Chau	fix2019 N. Gist Gee, Rock Institute, Su-Chau	1
V. W. Lindauer, H. Kylin	fix2019 V. W. Lindauer, H. Kylin	1
Josephine E. Tilden, C. M. Crosby, L. A. Doorf, T. T. Earle., L. M. Jones, M. H. Jones	fix2019 Josephine E. Tilden, C. M. Crosby, L. A. Doorf, T. T. Earle., L. M. Jones, M. H. Jones	2
G. D. Westendrop, A. C. F. Wallays	fix2019 G. D. Westendrop, A. C. F. Wallays	1
Maxwell S. Doty, H. B. S. Womersley	fix2019 Maxwell S. Doty, H. B. S. Womersley	1
W. R. Taylor, F. H. Elmore	fix2019 W. R. Taylor, F. H. Elmore	1
M. van As, A. V. Duthie	fix2019 M. van As, A. V. Duthie	1
A. Nájera, M. Pérez	fix2019 A. Nájera, M. Pérez	1
Thomas Grohman, Enoch Garcia #13, Elaine Brigham #18, Joanna R. Leung #6, same data	fix2019 Thomas Grohman, Enoch Garcia #13, Elaine Brigham #18, Joanna R. Leung #6, same data	1
W. R. Taylor, W. Setchell	fix2019 W. R. Taylor, W. Setchell	1
P. A. Cordero, de la Cruz	fix2019 P. A. Cordero, de la Cruz	1
K. E. Bucher, B. Brooks	fix2019 K. E. Bucher, B. Brooks	1
T. A., Anne Stephenson	fix2019 T. A., Anne Stephenson	1
Luis R. Almodovar, Idelissa Bonnelly y estuiantes de CIBIMA	fix2019 Luis R. Almodovar, Idelissa Bonnelly y estuiantes de CIBIMA	1
L. Swart, A. V. Duthie	fix2019 L. Swart, A. V. Duthie	1
Luis R. Almodovar, V. M. Rosado, F. Pagan, J. J. Irizarry, T. Felix	fix2019 Luis R. Almodovar, V. M. Rosado, F. Pagan, J. J. Irizarry, T. Felix	1
Wm. R. Taylor, F. H. Elmore	fix2019 Wm. R. Taylor, F. H. Elmore	2
R. Buggeln, D. Greathouse, R. Tsuda	fix2019 R. Buggeln, D. Greathouse, R. Tsuda	1
J. S. Collins, W. A. Setchell	fix2019 J. S. Collins, W. A. Setchell	1
H. Klerek, A. V. Duthie	fix2019 H. Klerek, A. V. Duthie	1
N. L. Nicholson, S. Rasch, R. Given	fix2019 N. L. Nicholson, S. Rasch, R. Given	1
G. W. Traill, E. M. Holmes	fix2019 G. W. Traill, E. M. Holmes	1
I. B. Warnock, P. J. Philson	fix2019 I. B. Warnock, P. J. Philson	2
H. C. Richards, A. H. S. Lucas	fix2019 H. C. Richards, A. H. S. Lucas	1
A. Piccone, V. Toscanelli	fix2019 A. Piccone, V. Toscanelli	1
Ralph H. Mizell, Rick Meyer	fix2019 Ralph H. Mizell, Rick Meyer	1
Mildred H. Jones, Arthur Nash	fix2019 Mildred H. Jones, Arthur Nash	1
L. Angel, C. Gonzalez	fix2019 L. Angel, C. Gonzalez	1
L. R. Almodovar, Fco. Pagan, B. & C. Cutress	fix2019 L. R. Almodovar, Fco. Pagan, B. & C. Cutress	2
Minnie Reed, Minnie Reed	fix2019 Minnie Reed, Minnie Reed	1
R. Hooper, J. Bolton	fix2019 R. Hooper, J. Bolton	2
R. E. Snodgrass, E. Heller	fix2019 R. E. Snodgrass, E. Heller	2
Irl B. Warnock, Vesta Warnock	fix2019 Irl B. Warnock, Vesta Warnock	4
R. Perrin, D. Carter	fix2019 R. Perrin, D. Carter	1
Ted Krum, Ed Ketterer, Enoch Garcia, Joanna R. Leung	fix2019 Ted Krum, Ed Ketterer, Enoch Garcia, Joanna R. Leung	1
Abel Hare, Minnie Reed	fix2019 Abel Hare, Minnie Reed	1
Victor W. Lindauer, G. F. Papenfuss	fix2019 Victor W. Lindauer, G. F. Papenfuss	2
Wm. R. Taylor, & Party	fix2019 Wm. R. Taylor, & Party	1
Sylvia A. Earle, Elizabeth Mead, Richie Mead, Whit Mead	fix2019 Sylvia A. Earle, Elizabeth Mead, Richie Mead, Whit Mead	1
H. E. Parks, Wilder	fix2019 H. E. Parks, Wilder	2
P. A. Cordero, Jr., Reynoso, Celis	fix2019 P. A. Cordero, Jr., Reynoso, Celis	3
Gilbert, Velasquez and Santiago	fix2019 Gilbert, Velasquez and Santiago	1
J. Davis, U. Tennessee	fix2019 J. Davis, U. Tennessee	3
M. H. Loww, A. V. Duthie	fix2019 M. H. Loww, A. V. Duthie	1
T. Tanaka, Itono	fix2019 T. Tanaka, Itono	1
V. D. L., C. Stuart	fix2019 V. D. L., C. Stuart	1
E. Yale Dawson, C. M. Dawson	fix2019 E. Yale Dawson, C. M. Dawson	5
Menez, West	fix2019 Menez, West	1
R. G. Hooper, M. Roberge	fix2019 R. G. Hooper, M. Roberge	2
T. Wajima, S. Yoshizawa, T. Wajima	fix2019 T. Wajima, S. Yoshizawa, T. Wajima	1
T. T.	fix2019 T. T.	4
S. Harvey, A. V. Duthie	fix2019 S. Harvey, A. V. Duthie	1
Cordero, Fernando, Reynoso	fix2019 Cordero, Fernando, Reynoso	1
R. W. Ricker, L. Torre	fix2019 R. W. Ricker, L. Torre	1
J. N. Norris, K. Bucher	fix2019 J. N. Norris, K. Bucher	1
L. R. Almodovar, V. M. Rosado, A. Rehm, and J. Gonzalez	fix2019 L. R. Almodovar, V. M. Rosado, A. Rehm, and J. Gonzalez	1
J. W. De Jager, A. V. Duthie	fix2019 J. W. De Jager, A. V. Duthie	1
J. Cabrera, R. Magana	fix2019 J. Cabrera, R. Magana	2
Fehlmann, Kornicher, Boatswain	fix2019 Fehlmann, Kornicher, Boatswain	1
Cordero, Calip, Fernando	fix2019 Cordero, Calip, Fernando	1
A. Braun, Preiss	fix2019 A. Braun, Preiss	1
P. A. Cordero, UST Field Botany '77	fix2019 P. A. Cordero, UST Field Botany '77	1
Gregorio T. Velasquez, Alejandro Santiago	fix2019 Gregorio T. Velasquez, Alejandro Santiago	1
Diaz-Piferrer, Aylthon B. Joly	fix2019 Diaz-Piferrer, Aylthon B. Joly	1
V. M. Rosado, J. J. Irizarry, P. J. Ramos	fix2019 V. M. Rosado, J. J. Irizarry, P. J. Ramos	5
G. A. Chambers, A. H. S. Lucas	fix2019 G. A. Chambers, A. H. S. Lucas	1
E. F. Kok, A. V. Duthie	fix2019 E. F. Kok, A. V. Duthie	1
Luis R. Almodovar, V. & D. Rosado	fix2019 Luis R. Almodovar, V. & D. Rosado	1
T. Kitayama, T. Wajima, T. Yamamoto	fix2019 T. Kitayama, T. Wajima, T. Yamamoto	1
Donald Richards, Clare F. Massey	fix2019 Donald Richards, Clare F. Massey	1
Luis R. Almodovar, F. Pagán, V. M. Rosado, Juan J. Irizarry, and Captain Felix, H. Austin	fix2019 Luis R. Almodovar, F. Pagán, V. M. Rosado, Juan J. Irizarry, and Captain Felix, H. Austin	2
Luis R. Almodovar, M. Moneter, M. Garcia, F. Geraldes	fix2019 Luis R. Almodovar, M. Moneter, M. Garcia, F. Geraldes	1
E. Cerrate, C. Acleto, S. Cruz	fix2019 E. Cerrate, C. Acleto, S. Cruz	1
T. Askew, R. Cook	fix2019 T. Askew, R. Cook	2
Joanna R. Leung, Ross Gerland, Thomas Grohman	fix2019 Joanna R. Leung, Ross Gerland, Thomas Grohman	1
David O. Quinn, W. C. Burns	fix2019 David O. Quinn, W. C. Burns	1
K. A. Miller, K. G. Spencer	fix2019 K. A. Miller, K. G. Spencer	1
H. E. Parks, Hemus	fix2019 H. E. Parks, Hemus	1
R.	fix2019 R.	1
Caldesi, Dufour	fix2019 Caldesi, Dufour	1
B. v. Schallergle, A. V. Duthie	fix2019 B. v. Schallergle, A. V. Duthie	1
Farlow, Anderson and Easton	fix2019 Farlow, Anderson and Easton	1
Carl Skottsberg, K. H. Anderson	fix2019 Carl Skottsberg, K. H. Anderson	1
W. Hing, G. A. C. Herklots	fix2019 W. Hing, G. A. C. Herklots	1
M. Diaz Piferrer, A. B. Joly	fix2019 M. Diaz Piferrer, A. B. Joly	1
S. Myburg, A. V. Duthie	fix2019 S. Myburg, A. V. Duthie	1
Luis R. Almodovar, V. M. Rosado, F. Pagan, J. J. Irizarry, and T. Felix	fix2019 Luis R. Almodovar, V. M. Rosado, F. Pagan, J. J. Irizarry, and T. Felix	1
Steinbeck, Ricketts	fix2019 Steinbeck, Ricketts	2
C. Limbaugh, A. Hambly	fix2019 C. Limbaugh, A. Hambly	1
R. Hooper, D. Keats	fix2019 R. Hooper, D. Keats	2
N. J. Eisman, M. Clark	fix2019 N. J. Eisman, M. Clark	1
R. Hooper, S. Murray, H. Jacobs	fix2019 R. Hooper, S. Murray, H. Jacobs	2
William Randolph Taylor and A. J. Bernatowicz, Albert J. Bernatowicz	fix2019 William Randolph Taylor and A. J. Bernatowicz, Albert J. Bernatowicz	2
A. V. Duthie, A. V. Duthie	fix2019 A. V. Duthie, A. V. Duthie	1
V. Toscanelli, A. Piccone	fix2019 V. Toscanelli, A. Piccone	1
Wm. R. Taylor, A. J. Bernatowicz	fix2019 Wm. R. Taylor, A. J. Bernatowicz	20
M. S. Doty, R. D. Northeraft, Hannah Croasdale	fix2019 M. S. Doty, R. D. Northeraft, Hannah Croasdale	1
T. Kitayama, C. Watanabe and M. Suzuki	fix2019 T. Kitayama, C. Watanabe and M. Suzuki	1
Sylvia A. Earle, Giles W. Mead, Jane Mead	fix2019 Sylvia A. Earle, Giles W. Mead, Jane Mead	2
Nina K. Abbott, Ed Ketterer	fix2019 Nina K. Abbott, Ed Ketterer	1
I. B. Warnock, Vesta R. Warnock	fix2019 I. B. Warnock, Vesta R. Warnock	2
E. v. D. Lingen, A. V. Duthie	fix2019 E. v. D. Lingen, A. V. Duthie	1
P. A. Wetherill, R. H. Thompson	fix2019 P. A. Wetherill, R. H. Thompson	1
C. M. Cooke, Jr., Marie Neal	fix2019 C. M. Cooke, Jr., Marie Neal	1
Harper, Taylor, Tomas	fix2019 Harper, Taylor, Tomas	2
R. L. Moe, D. Laine	fix2019 R. L. Moe, D. Laine	6
R. Joubert, A. V. Duthie	fix2019 R. Joubert, A. V. Duthie	2
H. v. d. Mewe, A. V. Duthie	fix2019 H. v. d. Mewe, A. V. Duthie	1
J. Chauvin, Lenormand	fix2019 J. Chauvin, Lenormand	1
Luis R. Almodovar, F. Pagán	fix2019 Luis R. Almodovar, F. Pagán	1
Ellis & Solander, R. F. Scagel	fix2019 Ellis & Solander, R. F. Scagel	1
Bertram, Cyril Crossland	fix2019 Bertram, Cyril Crossland	1
R. Harry, Yanisewan	fix2019 R. Harry, Yanisewan	1
Philson, J. Tilden, Earle	fix2019 Philson, J. Tilden, Earle	1
Gerardo Reichel-Dolmatoff, Jorge Araque M., Fred A. Barkley	fix2019 Gerardo Reichel-Dolmatoff, Jorge Araque M., Fred A. Barkley	1
W. G. Farlow, H. W. Richards, W. A. Setchell	fix2019 W. G. Farlow, H. W. Richards, W. A. Setchell	1
C. S. Nielsen, H. J. Humm	fix2019 C. S. Nielsen, H. J. Humm	1
T. B. Widdowson, L. Druehl, R. Lee, P. Healey	fix2019 T. B. Widdowson, L. Druehl, R. Lee, P. Healey	1
M. Gómez, H. Méndez	fix2019 M. Gómez, H. Méndez	3
Cyn Dartez, Lani Jacobs, Sharon Gray, Ross Durland, Kyle Basinger, Joanna R. Leung, Thomas Grohman, Patrick Kelly, Nina K. Abbott, Ted Krum	fix2019 Cyn Dartez, Lani Jacobs, Sharon Gray, Ross Durland, Kyle Basinger, Joanna R. Leung, Thomas Grohman, Patrick Kelly, Nina K. Abbott, Ted Krum	1
D. Nande, A. V. Duthie	fix2019 D. Nande, A. V. Duthie	1
Victor Johnston, J. W. Durham	fix2019 Victor Johnston, J. W. Durham	3
Smithsonian Oceanographic Sorting Center, Menez & Shinn	fix2019 Smithsonian Oceanographic Sorting Center, Menez & Shinn	11
A. Brown, H. B. S. Womersley	fix2019 A. Brown, H. B. S. Womersley	1
H. E. Parks, H. E. Parks	fix2019 H. E. Parks, H. E. Parks	1
D. Green, G. Melton	fix2019 D. Green, G. Melton	1
John Poai, W. A. Setchell	fix2019 John Poai, W. A. Setchell	5
John T. Howell, Lancer	fix2019 John T. Howell, Lancer	1
Smithsonian Oceanographic Sorting Center, Mener & Shinn	fix2019 Smithsonian Oceanographic Sorting Center, Mener & Shinn	1
Moe, N. Temnikow	fix2019 Moe, N. Temnikow	1
I. M. Lamb, G. Cooley	fix2019 I. M. Lamb, G. Cooley	4
Dr. G. A. C. Herklots, fishermen of Shankiwan	fix2019 Dr. G. A. C. Herklots, fishermen of Shankiwan	4
Ardissone, Dufour	fix2019 Ardissone, Dufour	1
Sylvia E. Taylor, John L. Taylor	fix2019 Sylvia E. Taylor, John L. Taylor	1
Luis R. Almodovar, B. Mencion, F. Geraldes	fix2019 Luis R. Almodovar, B. Mencion, F. Geraldes	3
Luis R. Almodovar, Fco. Pagán, B. & C. Cutresss	fix2019 Luis R. Almodovar, Fco. Pagán, B. & C. Cutresss	1
S. Lundsteen, K. Dahl, R. Nielsen	fix2019 S. Lundsteen, K. Dahl, R. Nielsen	2
Maxwell S. Doty, H. B. S. Womersly	fix2019 Maxwell S. Doty, H. B. S. Womersly	1
B. L. Robinson, H. Shrenk	fix2019 B. L. Robinson, H. Shrenk	1
William R. Taylor and A. J. Bernatowicz, A.J. Bernatowicz	fix2019 William R. Taylor and A. J. Bernatowicz, A.J. Bernatowicz	1
Y. Salomon, S. George	fix2019 Y. Salomon, S. George	1
R. Hooper, G. Fenwick	fix2019 R. Hooper, G. Fenwick	2
R. Nielsen, S. Lundsteen, S. Helmig	fix2019 R. Nielsen, S. Lundsteen, S. Helmig	3
R. Nielsen, S. Lundsteen	fix2019 R. Nielsen, S. Lundsteen	1
Meñez, West	fix2019 Meñez, West	1
U. Min Thein, U. Aung Myint	fix2019 U. Min Thein, U. Aung Myint	1
F. S. Collins, Holden and Setchell	fix2019 F. S. Collins, Holden and Setchell	1
E. Markother, A. V. Duthie	fix2019 E. Markother, A. V. Duthie	1
Lani Jacobs, Nina K. Abbott	fix2019 Lani Jacobs, Nina K. Abbott	1
Luis R. Almodovar, F. Pagán, V. M. Rosado, W. Irizarry, and Captain Felix	fix2019 Luis R. Almodovar, F. Pagán, V. M. Rosado, W. Irizarry, and Captain Felix	1
Luis R. Almodovar, V. Rivas	fix2019 Luis R. Almodovar, V. Rivas	1
Kowie, A. V. Duthie	fix2019 Kowie, A. V. Duthie	1
Gertrude Gibbs, Harold L. Lyon	fix2019 Gertrude Gibbs, Harold L. Lyon	1
H. Klerck, A. V. Duthie	fix2019 H. Klerck, A. V. Duthie	1
W. A. Setchell, Clara B. Setchell	fix2019 W. A. Setchell, Clara B. Setchell	3
M. Ramírez, G. Rojas	fix2019 M. Ramírez, G. Rojas	5
M. W. Hawkes, R. Novaczek	fix2019 M. W. Hawkes, R. Novaczek	1
L. Stulting, A. V. Duthie	fix2019 L. Stulting, A. V. Duthie	3
T. A .Stepehenson, University of Cape Town Ecological Survey	fix2019 T. A .Stepehenson, University of Cape Town Ecological Survey	1
J. Markwell, Reed	fix2019 J. Markwell, Reed	1
L. M. Cranwell, A. W. B. Powell	fix2019 L. M. Cranwell, A. W. B. Powell	1
Lani Jacobs, Cynthia Hipp	fix2019 Lani Jacobs, Cynthia Hipp	1
G. Kraft, R. W. Ricker	fix2019 G. Kraft, R. W. Ricker	4
L. R. Almodovar, J. Otaola, J. Monente	fix2019 L. R. Almodovar, J. Otaola, J. Monente	1
Mildred Jones, Arthur Nash	fix2019 Mildred Jones, Arthur Nash	2
W. R. Taylor, J. J. Frederick	fix2019 W. R. Taylor, J. J. Frederick	1
H. Becker, A. Grunow	fix2019 H. Becker, A. Grunow	1
E. Gildner, A. V. Duthie	fix2019 E. Gildner, A. V. Duthie	1
R. J. Ellis, N. I. Calvin	fix2019 R. J. Ellis, N. I. Calvin	1
L. R. Almodovar, V. M. Rosado, J. Gonzalez, Capt. Felix, and Wilson Irizarry	fix2019 L. R. Almodovar, V. M. Rosado, J. Gonzalez, Capt. Felix, and Wilson Irizarry	2
R. Moe, T. Roberts	fix2019 R. Moe, T. Roberts	1
P. J. Philson, Arthur Nash	fix2019 P. J. Philson, Arthur Nash	2
G. Hatschbach, O. Guimeraes	fix2019 G. Hatschbach, O. Guimeraes	4
Marcucci, Beccari	fix2019 Marcucci, Beccari	1
T. A. & Anne Stephenson, G. F. Papenfuss	fix2019 T. A. & Anne Stephenson, G. F. Papenfuss	2
L. R. van Wiekerk, A. V. Duthie	fix2019 L. R. van Wiekerk, A. V. Duthie	1
V. K. Nash, V. R. Warnock	fix2019 V. K. Nash, V. R. Warnock	3
Roy Tsuda, Jan Newhouse	fix2019 Roy Tsuda, Jan Newhouse	2
William R. Taylor, A.J. Bernatowicz	fix2019 William R. Taylor, A.J. Bernatowicz	1
I. Newton, Hauck	fix2019 I. Newton, Hauck	1
M. W. Hawkes, D. R. Bonin	fix2019 M. W. Hawkes, D. R. Bonin	4
L. R. Almodovar, V. Rosado, J. Gonzalez, Capt. Felix, Wilson Irizarry	fix2019 L. R. Almodovar, V. Rosado, J. Gonzalez, Capt. Felix, Wilson Irizarry	1
Kaae, Minnie Reed	fix2019 Kaae, Minnie Reed	1
E. C. Van Srelen, A. V. Duthie	fix2019 E. C. Van Srelen, A. V. Duthie	1
L. R. Almodovar, I. Lopez, D. Pesante & J. M. Muñoz	fix2019 L. R. Almodovar, I. Lopez, D. Pesante & J. M. Muñoz	1
M. r.d. Mewe, A. V. Duthie	fix2019 M. r.d. Mewe, A. V. Duthie	1
Ralph H. Mizell, Charles W. Anderson #1, David Porterfield #10, Sergio C. Muniz, same data	fix2019 Ralph H. Mizell, Charles W. Anderson #1, David Porterfield #10, Sergio C. Muniz, same data	1
John Cocks, M. C.	fix2019 John Cocks, M. C.	1
B.	fix2019 B.	1
P. A. Cordero, Lopez	fix2019 P. A. Cordero, Lopez	7
William Randolph Taylor, Waldo L. Schmidt	fix2019 William Randolph Taylor, Waldo L. Schmidt	1
F. Brauns, A. V. Duthie	fix2019 F. Brauns, A. V. Duthie	1
S. Fryer, A. V. Duthie	fix2019 S. Fryer, A. V. Duthie	1
V. R. Warnock, C. M. Crosby, L. A. Doore	fix2019 V. R. Warnock, C. M. Crosby, L. A. Doore	2
W. Williams, K. Kenyon	fix2019 W. Williams, K. Kenyon	1
A. E. Melton, C. Benz	fix2019 A. E. Melton, C. Benz	1
L. R. Almodovar, V. Foando, J. Gonzalez, Capt. Felix, Wilson Irizarry	fix2019 L. R. Almodovar, V. Foando, J. Gonzalez, Capt. Felix, Wilson Irizarry	1
M. Eliana Ramirez, Gloria Rojas	fix2019 M. Eliana Ramirez, Gloria Rojas	1
W. A. Setchell, W. C. Sturgis	fix2019 W. A. Setchell, W. C. Sturgis	2
Mrs. C. E. Pease, E. Butler	fix2019 Mrs. C. E. Pease, E. Butler	1
J. Tilden, Arthur Nash, Mildred M. Jones	fix2019 J. Tilden, Arthur Nash, Mildred M. Jones	1
W. J. V. Osterhout, R. A. Harker	fix2019 W. J. V. Osterhout, R. A. Harker	1
E. C. Neal, R. G. Rhodes	fix2019 E. C. Neal, R. G. Rhodes	1
M. J. Wynne, Tim Entwisle	fix2019 M. J. Wynne, Tim Entwisle	1
Francis Drouet, Donald Richards, Donald A. Johansen	fix2019 Francis Drouet, Donald Richards, Donald A. Johansen	3
S. Clarke, R. Engler	fix2019 S. Clarke, R. Engler	1
Irl B. Warnock, C. M. Crosby, L. A. Doore, T. T. Earle, L. M. Jones, M. H. Jones, A. Nash, V. K. Nash, P. J. Philson, I. B. Warnock, and V. R. Warnock	fix2019 Irl B. Warnock, C. M. Crosby, L. A. Doore, T. T. Earle, L. M. Jones, M. H. Jones, A. Nash, V. K. Nash, P. J. Philson, I. B. Warnock, and V. R. Warnock	1
R. W. Ricker, L. Torregrosa	fix2019 R. W. Ricker, L. Torregrosa	6
M. H. Jones, L. M. Jones	fix2019 M. H. Jones, L. M. Jones	1
G. Chapman, M. Mitchell	fix2019 G. Chapman, M. Mitchell	1
C. M. Crosby, L. M. Jones and L. A. Door	fix2019 C. M. Crosby, L. M. Jones and L. A. Door	2
C. E. Pease, Eloise Butler	fix2019 C. E. Pease, Eloise Butler	1
C. Dawes, Barilotti, Rhamstine	fix2019 C. Dawes, Barilotti, Rhamstine	2
Ira L., Dorothy B. Wiggins	fix2019 Ira L., Dorothy B. Wiggins	1
G. F. Papenfuss, University of Cape Town Ecological Survey	fix2019 G. F. Papenfuss, University of Cape Town Ecological Survey	2
R. Hooper, S. Murray, D. Keats	fix2019 R. Hooper, S. Murray, D. Keats	2
E. S. Mavais, A. V. Duthie	fix2019 E. S. Mavais, A. V. Duthie	1
R. W. Ricker, A. Millar, F. J. Scott	fix2019 R. W. Ricker, A. Millar, F. J. Scott	5
Bassett Maguire, George Piranian	fix2019 Bassett Maguire, George Piranian	1
Charles Kaui, Minnie Reed	fix2019 Charles Kaui, Minnie Reed	3
Luis R. Almodovar, F. Pagán, V. M. Rosado, J. Rees, H. Austin, and Captain Fredericks	fix2019 Luis R. Almodovar, F. Pagán, V. M. Rosado, J. Rees, H. Austin, and Captain Fredericks	1
E. D. Loseby, A. V. Duthie	fix2019 E. D. Loseby, A. V. Duthie	1
Enoch Garcia, Arthur K. Akard	fix2019 Enoch Garcia, Arthur K. Akard	1
W. A. Setchell, W. S. Wadworth	fix2019 W. A. Setchell, W. S. Wadworth	1
W. R. Taylor, Ruth Ciu	fix2019 W. R. Taylor, Ruth Ciu	1
J. Tilden, Arthur Nash	fix2019 J. Tilden, Arthur Nash	1
P. A. Cordero, Yambo, De la Cruz	fix2019 P. A. Cordero, Yambo, De la Cruz	1
H. M. Marain, A. V. Duthie	fix2019 H. M. Marain, A. V. Duthie	1
I. A. Abbott, D. P. Abbott, W. R. Taylor	fix2019 I. A. Abbott, D. P. Abbott, W. R. Taylor	1
Gary Powell, Lani Jacobs, Ross Durland, Patrick Kelly, Steve boyce, Thomas Gronham, Cyn Dartez, Nina K. Abbott, Sergio C. Muniz	fix2019 Gary Powell, Lani Jacobs, Ross Durland, Patrick Kelly, Steve boyce, Thomas Gronham, Cyn Dartez, Nina K. Abbott, Sergio C. Muniz	1
Sylvia A. Earle, Alan Chapman	fix2019 Sylvia A. Earle, Alan Chapman	1
S. Metelerkamp, A. V. Duthie	fix2019 S. Metelerkamp, A. V. Duthie	1
L. R. Almodovar, J. J. Irizarry, V. M. Rosado, J. G. Liboy, G. Anderson, M. Bradley, and C. Milstein	fix2019 L. R. Almodovar, J. J. Irizarry, V. M. Rosado, J. G. Liboy, G. Anderson, M. Bradley, and C. Milstein	1
M. H. Cillie, A. V. Duthie	fix2019 M. H. Cillie, A. V. Duthie	2
S. Metlerkamp, A. V. Duthie	fix2019 S. Metlerkamp, A. V. Duthie	2
L. R. Almodovar, V. M. Rosado, A. Rehm and J. Gonzalez	fix2019 L. R. Almodovar, V. M. Rosado, A. Rehm and J. Gonzalez	1
Wm. R. Taylor, Albert J. Bernatowicz	fix2019 Wm. R. Taylor, Albert J. Bernatowicz	4
David Porterfield, Rick Meyer, Ralph H. Mizell	fix2019 David Porterfield, Rick Meyer, Ralph H. Mizell	1
Giles W. Mead, Tony Ferriera, Parry Mead	fix2019 Giles W. Mead, Tony Ferriera, Parry Mead	1
Lawrence M. Jones, J. Tilden	fix2019 Lawrence M. Jones, J. Tilden	1
Johnson Hubbs, Allanson Hubbs	fix2019 Johnson Hubbs, Allanson Hubbs	1
Luis R. Almodóvar, F. Pagán, V. M. Rosado, W. Irizarry, and Captain Felix	fix2019 Luis R. Almodóvar, F. Pagán, V. M. Rosado, W. Irizarry, and Captain Felix	2
F. A. McClure, Chinese	fix2019 F. A. McClure, Chinese	1
Luis R. Almodovar, J. Otaola & J. L. Monente	fix2019 Luis R. Almodovar, J. Otaola & J. L. Monente	1
P. A. Cordero, Reynoso-Fernando	fix2019 P. A. Cordero, Reynoso-Fernando	1
C. Lobban, B. Leaman, C. Lobban	fix2019 C. Lobban, B. Leaman, C. Lobban	1
Gilbert, Velasquez, Santiago	fix2019 Gilbert, Velasquez, Santiago	3
D. Dean, E. T. Moul	fix2019 D. Dean, E. T. Moul	1
P. du Preez, A. V. Duthie	fix2019 P. du Preez, A. V. Duthie	1
M. van Litsenborgh, A. V. Duthie	fix2019 M. van Litsenborgh, A. V. Duthie	1
Irl B. Warnock, Vesta R. Warnock, J. Tilden	fix2019 Irl B. Warnock, Vesta R. Warnock, J. Tilden	1
E. Ortiz, A. Ortiz	fix2019 E. Ortiz, A. Ortiz	1
P. C. Silva, C. Limbaugh	fix2019 P. C. Silva, C. Limbaugh	1
Estable and Herter, Herter	fix2019 Estable and Herter, Herter	3
G. E. Du Plessis, A. V. Duthie	fix2019 G. E. Du Plessis, A. V. Duthie	1
Gutierrez, et al	fix2019 Gutierrez, et al	1
Charles W. Anderson, Nina K. Abbott, Elaine Brigham, Arthur F. Akard	fix2019 Charles W. Anderson, Nina K. Abbott, Elaine Brigham, Arthur F. Akard	1
A. Wessels, A. V. Duthie	fix2019 A. Wessels, A. V. Duthie	1
M. Flake, N. J. Eiseman	fix2019 M. Flake, N. J. Eiseman	1
R. W. Ricker, K. Beinssen	fix2019 R. W. Ricker, K. Beinssen	3
Robert W. Ricker, M. Tucker	fix2019 Robert W. Ricker, M. Tucker	1
William Bridge Cooke, V. G. Cooke	fix2019 William Bridge Cooke, V. G. Cooke	1
Sylvia A. Earle, Perry Mead	fix2019 Sylvia A. Earle, Perry Mead	1
R. E. Moon, N. J. Eiseman	fix2019 R. E. Moon, N. J. Eiseman	1
M.S. Doty, J. Newhouse, E. Yale Dawson	fix2019 M.S. Doty, J. Newhouse, E. Yale Dawson	1
William A. Daily, F. K. Daily	fix2019 William A. Daily, F. K. Daily	1
D. Van Hangstreen, A. V. Duthie	fix2019 D. Van Hangstreen, A. V. Duthie	1
Becker, Collins	fix2019 Becker, Collins	2
Dr. G. A. Herklots, fishermen of Shankiwan	fix2019 Dr. G. A. Herklots, fishermen of Shankiwan	1
N. J. Eiseman, R. Roesch	fix2019 N. J. Eiseman, R. Roesch	1
E. K. Janaki Ammal, E. W. Erhanson	fix2019 E. K. Janaki Ammal, E. W. Erhanson	1
H. W. Bischoff, G. F. Papenfuss	fix2019 H. W. Bischoff, G. F. Papenfuss	2
P. C. Silva, L. R. Heckard	fix2019 P. C. Silva, L. R. Heckard	1
Witlock, Gibson	fix2019 Witlock, Gibson	1
G. Hamel, Mme. A. Hamel-Joukov	fix2019 G. Hamel, Mme. A. Hamel-Joukov	1
E. M. Delf, W. Tyson	fix2019 E. M. Delf, W. Tyson	1
L. R. Almodovar, H. & S. Austin, J. Gonzalez, V. M. Rosado, and J. J. Irizarry	fix2019 L. R. Almodovar, H. & S. Austin, J. Gonzalez, V. M. Rosado, and J. J. Irizarry	2
W. A. Setchell, E. B. Burling	fix2019 W. A. Setchell, E. B. Burling	1
L. Goff, H. B. S. Womersley	fix2019 L. Goff, H. B. S. Womersley	1
G. R. South, R. D. Hill, J. Lynch	fix2019 G. R. South, R. D. Hill, J. Lynch	2
G. B. Riggs, R. F. Griggs	fix2019 G. B. Riggs, R. F. Griggs	1
H. Kukonu, Minnie Reed	fix2019 H. Kukonu, Minnie Reed	1
F. A. Potts, W. A. Setchell	fix2019 F. A. Potts, W. A. Setchell	2
R. G. Hooper, N. Bannister	fix2019 R. G. Hooper, N. Bannister	2
F. S. Collins, Hervey ms.	fix2019 F. S. Collins, Hervey ms.	2
C. Z. Inassyn, A. V. Duthie	fix2019 C. Z. Inassyn, A. V. Duthie	1
A. Allen, A. V. Duthie	fix2019 A. Allen, A. V. Duthie	1
T. Yoshida, Konno	fix2019 T. Yoshida, Konno	1
Luis R. Almodovar, V. M. Torres	fix2019 Luis R. Almodovar, V. M. Torres	1
J. Wenth, A. V. Duthie	fix2019 J. Wenth, A. V. Duthie	1
Domina S. Akermark, Cand. V. B. Wittrock	fix2019 Domina S. Akermark, Cand. V. B. Wittrock	1
E. Allemann, A. V. Duthie	fix2019 E. Allemann, A. V. Duthie	1
William Trealease, De Alton Saunders	fix2019 William Trealease, De Alton Saunders	1
J. Lewis, T. Michael	fix2019 J. Lewis, T. Michael	1
Captain Felix., J. J. Irizarry, V. M. Rosado, W. Irizarry, Captain Felix	fix2019 Captain Felix., J. J. Irizarry, V. M. Rosado, W. Irizarry, Captain Felix	1
Nina K. Abbott, Joanna R. Leung, Thomas Grohman, Patrick Kelly, Cyn Dartez, Marsha Black	fix2019 Nina K. Abbott, Joanna R. Leung, Thomas Grohman, Patrick Kelly, Cyn Dartez, Marsha Black	1
Pulcher Smith, A. V. Duthie	fix2019 Pulcher Smith, A. V. Duthie	10
F. A. McClure, W. A. Setchell	fix2019 F. A. McClure, W. A. Setchell	1
M. H. Jones, M. H. Jones	fix2019 M. H. Jones, M. H. Jones	1
G. Perrin, F. Perrin	fix2019 G. Perrin, F. Perrin	2
Luis R. Almodovar, F. Pagán, V. M. Rosado, J-Rees, H. Austin, and Captain Fredericks	fix2019 Luis R. Almodovar, F. Pagán, V. M. Rosado, J-Rees, H. Austin, and Captain Fredericks	1
E. Zablackis, K. McDermid	fix2019 E. Zablackis, K. McDermid	1
L. R. Almodovar, F. Pagán, V. M. Rosado, Captain Trabert and crew	fix2019 L. R. Almodovar, F. Pagán, V. M. Rosado, Captain Trabert and crew	1
Robert Kaawa, Minni Reed	fix2019 Robert Kaawa, Minni Reed	1
W. Fick, A. V. Duthie	fix2019 W. Fick, A. V. Duthie	4
L. R. Almodovar, J. J. Irizarry, V. M. Rosado, P. J. Ramos, W. Hendricks, W. Hildner, C. Carrera, L. Craft	fix2019 L. R. Almodovar, J. J. Irizarry, V. M. Rosado, P. J. Ramos, W. Hendricks, W. Hildner, C. Carrera, L. Craft	3
W. A. Setchell, H. M. Richards	fix2019 W. A. Setchell, H. M. Richards	1
O. Leisk, A. V. Duthie	fix2019 O. Leisk, A. V. Duthie	1
Akira F. Peters, César Acleto	fix2019 Akira F. Peters, César Acleto	1
Alex McGowan, Minnie Reed	fix2019 Alex McGowan, Minnie Reed	1
González, Rios	fix2019 González, Rios	1
W. G. Farlow, H. Averill	fix2019 W. G. Farlow, H. Averill	3
D. West, J. Lang, W. Hendricks	fix2019 D. West, J. Lang, W. Hendricks	1
G. F. Papenfuss, Lodge	fix2019 G. F. Papenfuss, Lodge	1
John St. Mary, Cyn Dartez #25, Elaine Brigham #15, Thomas Grohman #16, Enoch Garcia #16, Patrick Kelly #12, Steve Boyce #13, Marsha Black #21, Ted Krum #14, Lani Jacobs #25, Ed Ketterer #17, Gary Powell #22, Sergio C. Muniz, Synthia Hipp #20, Kyle Basinger #18	fix2019 John St. Mary, Cyn Dartez #25, Elaine Brigham #15, Thomas Grohman #16, Enoch Garcia #16, Patrick Kelly #12, Steve Boyce #13, Marsha Black #21, Ted Krum #14, Lani Jacobs #25, Ed Ketterer #17, Gary Powell #22, Sergio C. Muniz, Synthia Hipp #20, Kyle Basinger #18	1
J. M.	fix2019 J. M.	1
L. Craft, L. R. Almodovar, J. J. Irizarry, V. M. Rosado, P. J. Ramos, W. Hendricks, W. Hildner, C. Carrera	fix2019 L. Craft, L. R. Almodovar, J. J. Irizarry, V. M. Rosado, P. J. Ramos, W. Hendricks, W. Hildner, C. Carrera	1
George McIntyre, Minnie Reed	fix2019 George McIntyre, Minnie Reed	4
M. S. Doty, J. Newhouse, E. Yale Dawson	fix2019 M. S. Doty, J. Newhouse, E. Yale Dawson	2
Hooker, Graville	fix2019 Hooker, Graville	1
Luis R. Almodovar, F. Pagan, V. M. Rosado, Juan J. Irizarry and Captain Felix	fix2019 Luis R. Almodovar, F. Pagan, V. M. Rosado, Juan J. Irizarry and Captain Felix	2
S. Hao, I. A. Abbott	fix2019 S. Hao, I. A. Abbott	1
Wilkenson, F. S. Collins	fix2019 Wilkenson, F. S. Collins	1
Maxwell S. Doty, Menez	fix2019 Maxwell S. Doty, Menez	2
Sylvia A. Earle, Wallace Jenkins	fix2019 Sylvia A. Earle, Wallace Jenkins	1
G. D. Bornan, A. V. Duthie	fix2019 G. D. Bornan, A. V. Duthie	1
A. Weber Van-Bosse, R.E. Holttum	fix2019 A. Weber Van-Bosse, R.E. Holttum	1
M. E. Ramirez, G. Rojas	fix2019 M. E. Ramirez, G. Rojas	1
Fehlmann, Gouda	fix2019 Fehlmann, Gouda	1
Babb, Tilden	fix2019 Babb, Tilden	1
T. Kildea, D. Turner	fix2019 T. Kildea, D. Turner	1
Naegeli, P. Richter	fix2019 Naegeli, P. Richter	1
G. N. v. Niekerk, A. V. Duthie	fix2019 G. N. v. Niekerk, A. V. Duthie	1
Maxwell S. Doty, G. T. Velasquez	fix2019 Maxwell S. Doty, G. T. Velasquez	2
L. R. Almodovar, F. Pagán, V. M. Rosado, Captain Trabert & crew	fix2019 L. R. Almodovar, F. Pagán, V. M. Rosado, Captain Trabert & crew	2
Wm. R. Taylor, A.J. Bernatowicz	fix2019 Wm. R. Taylor, A.J. Bernatowicz	1
Steve Boyce, Joanna R. Leung, Sharon Gray	fix2019 Steve Boyce, Joanna R. Leung, Sharon Gray	1
Sylvia A. Earle, Jane Mead, Whit Mead, Elizabeth Mead, Richie Mead, Gale Mead	fix2019 Sylvia A. Earle, Jane Mead, Whit Mead, Elizabeth Mead, Richie Mead, Gale Mead	1
Murray, Minnie Reed	fix2019 Murray, Minnie Reed	2
N. Calvin, R. Ellis	fix2019 N. Calvin, R. Ellis	1
C. M. Crosby, Doore	fix2019 C. M. Crosby, Doore	1
Cyn Dartez, Ted Krum, Nina K. Abbot, Enoch Garcia,	fix2019 Cyn Dartez, Ted Krum, Nina K. Abbot, Enoch Garcia,	1
S. Stockmayer, F. Pfeiffer de Wellheim	fix2019 S. Stockmayer, F. Pfeiffer de Wellheim	1
Randolph Taylor and A. J. Bernatowicz, Albert J. Bernatowicz	fix2019 Randolph Taylor and A. J. Bernatowicz, Albert J. Bernatowicz	1
L. R. Almodóvar, F. Pagán, V. M. Rosado, Captain Trabert & Crew	fix2019 L. R. Almodóvar, F. Pagán, V. M. Rosado, Captain Trabert & Crew	1
N. J. Eiseman, D. Liberatore	fix2019 N. J. Eiseman, D. Liberatore	2
Nina K. Abbott, Ross Durland, Cyn Dartez, Thomas Grohman, Enoch Garcia, Ted Krum, Lani Jacobs, Kyle Basinger	fix2019 Nina K. Abbott, Ross Durland, Cyn Dartez, Thomas Grohman, Enoch Garcia, Ted Krum, Lani Jacobs, Kyle Basinger	1
G. E. du Toit, A. V. Duthie	fix2019 G. E. du Toit, A. V. Duthie	1
Ludov Dufour, Dufour	fix2019 Ludov Dufour, Dufour	1
G. F. Atkinson, W. R. Dudley	fix2019 G. F. Atkinson, W. R. Dudley	1
L. Caldesi, herb. Lenormand	fix2019 L. Caldesi, herb. Lenormand	1
Abel Hore, Minnie Reed	fix2019 Abel Hore, Minnie Reed	1
W. North, A. V. Duthie	fix2019 W. North, A. V. Duthie	1
Luis R. Almodovar, F. Pagan, V. m. Rosado, J. Rees, H. Austin and Captain Fredericks	fix2019 Luis R. Almodovar, F. Pagan, V. m. Rosado, J. Rees, H. Austin and Captain Fredericks	1
Gloria Rojas, M. Eliana Ramirez	fix2019 Gloria Rojas, M. Eliana Ramirez	1
Sv. Murbeck and E. Olin, E. Olin	fix2019 Sv. Murbeck and E. Olin, E. Olin	1
Luis R. Almodovar, J. Otaola	fix2019 Luis R. Almodovar, J. Otaola	1
A. J. Bernatowicz, Wm. R. Taylor	fix2019 A. J. Bernatowicz, Wm. R. Taylor	1
R. L. Moe, L. Mullineaux	fix2019 R. L. Moe, L. Mullineaux	2
Patricia [Delendick] Alexandre, Laurence Alexandre, Patrick, Victor Alexandre, Dr. Rosemary [Delendick] Mandella, Dr. William Mandella, & Walter Klingler	fix2019 Patricia [Delendick] Alexandre, Laurence Alexandre, Patrick, Victor Alexandre, Dr. Rosemary [Delendick] Mandella, Dr. William Mandella, & Walter Klingler	1
T. Wajima, T. Kitayama	fix2019 T. Wajima, T. Kitayama	1
Friedel Nelson, Forrest Nelson	fix2019 Friedel Nelson, Forrest Nelson	1
E. Yale Dawson, M. A. Machris	fix2019 E. Yale Dawson, M. A. Machris	1
L. M. Jones, P. J. Philson	fix2019 L. M. Jones, P. J. Philson	2
Luis R. Almodovar, F. Pagan, V. M. Rosado, W. Irizarry, and Captain Felix	fix2019 Luis R. Almodovar, F. Pagan, V. M. Rosado, W. Irizarry, and Captain Felix	1
R. Hooper, S. Murray	fix2019 R. Hooper, S. Murray	2
Gerardo Reichel-Dolmatoff, Jorge Araque M., and Fred A. Barkley	fix2019 Gerardo Reichel-Dolmatoff, Jorge Araque M., and Fred A. Barkley	1
R. W. Cook, N. J. Eiseman	fix2019 R. W. Cook, N. J. Eiseman	1
Liechtenstern, Hauck	fix2019 Liechtenstern, Hauck	1
R. Nielsen, K. Lundshøj, K. Dahl	fix2019 R. Nielsen, K. Lundshøj, K. Dahl	4
F. R. Fosberg, K. Druker	fix2019 F. R. Fosberg, K. Druker	1
Thomas J. Delendick, Barbara Ertter	fix2019 Thomas J. Delendick, Barbara Ertter	1
Dr. L. R. Almodovar, J. J. Irizarry, V. M. Rosado, W. Irizarry, Captain Felix	fix2019 Dr. L. R. Almodovar, J. J. Irizarry, V. M. Rosado, W. Irizarry, Captain Felix	1
T. F. de Vaal, A. V. Duthie	fix2019 T. F. de Vaal, A. V. Duthie	1
M. Hofmeyer, A. V. Duthie	fix2019 M. Hofmeyer, A. V. Duthie	1
N. J. Eisman, M. Mitchell	fix2019 N. J. Eisman, M. Mitchell	1
R. Gibson, R. Roesch	fix2019 R. Gibson, R. Roesch	1
William Trelease, DeAlton Saunders	fix2019 William Trelease, DeAlton Saunders	1
A. V. Duthie, G. C. Nel	fix2019 A. V. Duthie, G. C. Nel	1
Enoch Garcia, Kyle Basinger	fix2019 Enoch Garcia, Kyle Basinger	1
W. Rowe, A. V. Duthie	fix2019 W. Rowe, A. V. Duthie	1
Luis R. Almodovar, J. Otaola, J. Monente	fix2019 Luis R. Almodovar, J. Otaola, J. Monente	1
I. Bray, Minnie Reed	fix2019 I. Bray, Minnie Reed	1
Nina K. Abbott, Cyn Dartez, Lani Jacobs	fix2019 Nina K. Abbott, Cyn Dartez, Lani Jacobs	1
W. J. Woelkerling, J. M. Woelkerling	fix2019 W. J. Woelkerling, J. M. Woelkerling	7
L. R. Almodovar, V. M. Rosado, I. Lopez, J. M. Muñoz, D. Pesante	fix2019 L. R. Almodovar, V. M. Rosado, I. Lopez, J. M. Muñoz, D. Pesante	1
J. E. Watson, H. B. S. Womersley	fix2019 J. E. Watson, H. B. S. Womersley	1
P. B. Rouseau, A. V. Duthie	fix2019 P. B. Rouseau, A. V. Duthie	2
E. Göldner, A. V. Duthie	fix2019 E. Göldner, A. V. Duthie	1
H. E. Steyn, A. V. Duthie	fix2019 H. E. Steyn, A. V. Duthie	1
Francis Drouet, Percy Viosca, Jr.	fix2019 Francis Drouet, Percy Viosca, Jr.	2
H. L. Robinson, H. Schrenk	fix2019 H. L. Robinson, H. Schrenk	1
C. Limbaugh, A. Hambly, T. Chess	fix2019 C. Limbaugh, A. Hambly, T. Chess	1
Cordero, UST Field Botany '77	fix2019 Cordero, UST Field Botany '77	1
C. B. Setchell, W.A.	fix2019 C. B. Setchell, W.A.	1
G. D. Darker, A. C. F. Wallays	fix2019 G. D. Darker, A. C. F. Wallays	1
W. J. Eyerdam, A. A. Beetle, E. Grodona	fix2019 W. J. Eyerdam, A. A. Beetle, E. Grodona	1
Josephine E. Tilden, C. M. Crosby, L. A. Doore, T. T. Earle, L. M. Jones, M. H. Jones, A. Nash, V. K. Nash, P. J. Philson, I. B. Warnock, and V. R. Warnock	fix2019 Josephine E. Tilden, C. M. Crosby, L. A. Doore, T. T. Earle, L. M. Jones, M. H. Jones, A. Nash, V. K. Nash, P. J. Philson, I. B. Warnock, and V. R. Warnock	5
Thomas Greene, Thomas Grohman and Lani Jacobs	fix2019 Thomas Greene, Thomas Grohman and Lani Jacobs	1
W. A. Setchell, Severance Burrage	fix2019 W. A. Setchell, Severance Burrage	1
P. Malherbe, A. V. Duthie	fix2019 P. Malherbe, A. V. Duthie	1
J. R. Suallen, W. C. Steere	fix2019 J. R. Suallen, W. C. Steere	1
M. H. Lown, A. V. Duthie	fix2019 M. H. Lown, A. V. Duthie	1
L. R. Almodovar, V. M. Rosado, J. Gonzalez, Captain Felix, Wilson Irizarry	fix2019 L. R. Almodovar, V. M. Rosado, J. Gonzalez, Captain Felix, Wilson Irizarry	1
H. B. S. Womersley, M. S. Doty	fix2019 H. B. S. Womersley, M. S. Doty	1
R. C. Hooper, M. H. Roberge	fix2019 R. C. Hooper, M. H. Roberge	2
W. H. Hansen, C. Cutress, D. Reish	fix2019 W. H. Hansen, C. Cutress, D. Reish	1
G. Meyers, A. V. Duthie	fix2019 G. Meyers, A. V. Duthie	1
Fen Tseng, I. A. Abbott	fix2019 Fen Tseng, I. A. Abbott	1
R. W. Ricker, P. Butler	fix2019 R. W. Ricker, P. Butler	6
R. Botha, A. V. Duthie	fix2019 R. Botha, A. V. Duthie	2
G. L. Neething, A. V. Duthie	fix2019 G. L. Neething, A. V. Duthie	1
J. E. Lewis, M. Cannon	fix2019 J. E. Lewis, M. Cannon	1
L. R. Almodovar, V. & F. Rivas	fix2019 L. R. Almodovar, V. & F. Rivas	1
G. M. Smith, W. R. Taylor	fix2019 G. M. Smith, W. R. Taylor	1
H. E. Uys, A. V. Duthie	fix2019 H. E. Uys, A. V. Duthie	1
L. R. Almodovar, J. J. Irizarry, V. M. Rosado, P. J. Ramos, W. Hendricks, N. Hildner, C. Carrera, & L. Craft	fix2019 L. R. Almodovar, J. J. Irizarry, V. M. Rosado, P. J. Ramos, W. Hendricks, N. Hildner, C. Carrera, & L. Craft	1
M. S. Doty, H. B. S. Womersley	fix2019 M. S. Doty, H. B. S. Womersley	1
Zenkova, A. Zinova	fix2019 Zenkova, A. Zinova	1
F. Perrin, A. H. L. Lucas	fix2019 F. Perrin, A. H. L. Lucas	1
H. Wilson, N. J. Eiseman	fix2019 H. Wilson, N. J. Eiseman	1
Piccone, Gibelli	fix2019 Piccone, Gibelli	2
I. K. Lee, J. A. West 1853	fix2019 I. K. Lee, J. A. West 1853	1
Luis R. Almodovar, G. Anderson, V. M. Rosado, jose Liboy, M. Bradley, Milstein & J. J. Irizarry	fix2019 Luis R. Almodovar, G. Anderson, V. M. Rosado, jose Liboy, M. Bradley, Milstein & J. J. Irizarry	1
Eiseman, Melton	fix2019 Eiseman, Melton	1
Manning, Meñez, Jeddi	fix2019 Manning, Meñez, Jeddi	1
J. P. Lochner, A. V. Duthie	fix2019 J. P. Lochner, A. V. Duthie	1
Pease, Butler	fix2019 Pease, Butler	2
C. Swiegers, A. V. Duthie	fix2019 C. Swiegers, A. V. Duthie	1
T. Kityama, C. Watanabe, M. Suzuki	fix2019 T. Kityama, C. Watanabe, M. Suzuki	1
A. Geldenhuys, A. V. Duthie	fix2019 A. Geldenhuys, A. V. Duthie	1
Moller, Daemel	fix2019 Moller, Daemel	1
P. Chamut, J. Markham	fix2019 P. Chamut, J. Markham	1
Al Borza, E. I. Nyarady	fix2019 Al Borza, E. I. Nyarady	1
Wm. Randolph Taylor, A. J. Bernatowicz	fix2019 Wm. Randolph Taylor, A. J. Bernatowicz	84
K. Lundshoj, K. Dahl, R. Nielsen	fix2019 K. Lundshoj, K. Dahl, R. Nielsen	1
E. Du Pisarin, A. V. Duthie	fix2019 E. Du Pisarin, A. V. Duthie	2
M. C. Benz, A. E. Melton	fix2019 M. C. Benz, A. E. Melton	2
C. J. Louw, A. V. Duthie	fix2019 C. J. Louw, A. V. Duthie	2
Wm. Randolph Taylor, Albert J. Bernatowicz	fix2019 Wm. Randolph Taylor, Albert J. Bernatowicz	30
E. T. Moul, R. N. Renlund	fix2019 E. T. Moul, R. N. Renlund	3
E. Cerrate, C. Acleto	fix2019 E. Cerrate, C. Acleto	1
Bosun Henry Murranka, Sylvia A. Earle, Harold J. Humm	fix2019 Bosun Henry Murranka, Sylvia A. Earle, Harold J. Humm	1
Luis R. Almodovar, J. J. Izizarry, V. M. Rosado	fix2019 Luis R. Almodovar, J. J. Izizarry, V. M. Rosado	1
T. B. Widdowson, L. Druehl	fix2019 T. B. Widdowson, L. Druehl	1
R. J. King, S. C. D.	fix2019 R. J. King, S. C. D.	1
L. Whitlock, R. Moon	fix2019 L. Whitlock, R. Moon	1
M. Lomo, A. V. Duthie	fix2019 M. Lomo, A. V. Duthie	1
R. D. Hill, N. Bannister, J. Moir	fix2019 R. D. Hill, N. Bannister, J. Moir	1
F. Hagen, A. V. Duthie	fix2019 F. Hagen, A. V. Duthie	1
Linda Hardison, S. Sundberg, M. Lavin, A. Whittemore	fix2019 Linda Hardison, S. Sundberg, M. Lavin, A. Whittemore	1
H. M. Burkill, Md. Shah	fix2019 H. M. Burkill, Md. Shah	1
L. Whitlock, R. Roesch	fix2019 L. Whitlock, R. Roesch	1
P. M. deVos, A. V. Duthie	fix2019 P. M. deVos, A. V. Duthie	2
Luis R. Almodovar, J. J. Irizarry, V. M. Rosado	fix2019 Luis R. Almodovar, J. J. Irizarry, V. M. Rosado	2
M. A. Machris, E. Yale Dawson	fix2019 M. A. Machris, E. Yale Dawson	1
Janaki, Erlanson	fix2019 Janaki, Erlanson	1
R. Hooper, D. Keats, G. Moskovits	fix2019 R. Hooper, D. Keats, G. Moskovits	1
D. P. Abbott, Isabella A. Abbott	fix2019 D. P. Abbott, Isabella A. Abbott	1
J. Accorinti, M. Toursarkissan	fix2019 J. Accorinti, M. Toursarkissan	2
Arthur K. Nash, Violet K. Nash	fix2019 Arthur K. Nash, Violet K. Nash	1
S. J. Koen, A. V. Duthie	fix2019 S. J. Koen, A. V. Duthie	2
E. Haddad, A. V. Duthie	fix2019 E. Haddad, A. V. Duthie	1
Tilden, Minnie Reed	fix2019 Tilden, Minnie Reed	1
G. T. Kraft, P. Gabrielson	fix2019 G. T. Kraft, P. Gabrielson	1
J.	fix2019 J.	3
E. Perceval Wright, T. C. Dublin	fix2019 E. Perceval Wright, T. C. Dublin	1
M. H. Lowv, A. V. Duthie	fix2019 M. H. Lowv, A. V. Duthie	1
Violet K. Nash, Vesta R. Warnock	fix2019 Violet K. Nash, Vesta R. Warnock	2
Luis R. Almodovar, J. Irizarry, V. M. Rosado, W. Irizarry, Captain Felix	fix2019 Luis R. Almodovar, J. Irizarry, V. M. Rosado, W. Irizarry, Captain Felix	2
P. J. Philson, L. M. Jones and L. A. Doore	fix2019 P. J. Philson, L. M. Jones and L. A. Doore	1
Charles W. Anderson, Rick Meyer	fix2019 Charles W. Anderson, Rick Meyer	1
T. Kitayama, C. Watenabe, M. Suzuki	fix2019 T. Kitayama, C. Watenabe, M. Suzuki	1
G. B. Rigg, W. A. Setchell	fix2019 G. B. Rigg, W. A. Setchell	1
C. Limbaugh, T. Chess, A. Hambly	fix2019 C. Limbaugh, T. Chess, A. Hambly	3
V. W. Lindauer, MRs. Riechelmann	fix2019 V. W. Lindauer, MRs. Riechelmann	1
Swarng, Fehlmann	fix2019 Swarng, Fehlmann	1
F. Filarszky, J. B. Kümmerle et I. Györffy	fix2019 F. Filarszky, J. B. Kümmerle et I. Györffy	1
WM. Randolph Taylor, A. J. Bernatowicz	fix2019 WM. Randolph Taylor, A. J. Bernatowicz	1
Messrs. Aylmer, Sinclair Robinson	fix2019 Messrs. Aylmer, Sinclair Robinson	1
L. R.	fix2019 L. R.	37
K. Dahl, K. Lundshøj, R. Nielsen	fix2019 K. Dahl, K. Lundshøj, R. Nielsen	1
D. West, J. Lang, W. Hendrick	fix2019 D. West, J. Lang, W. Hendrick	1
Luis R. Almodovar, F. Pagán, V.M. Rosado, W.Irizarry, Captain Felix	fix2019 Luis R. Almodovar, F. Pagán, V.M. Rosado, W.Irizarry, Captain Felix	1
P. A. Cordero, Jr., UST Field Bot. '77	fix2019 P. A. Cordero, Jr., UST Field Bot. '77	1
Butler, Polly	fix2019 Butler, Polly	1
R. B. Grimm, Manning and family	fix2019 R. B. Grimm, Manning and family	1
E. Wollaston, A. Mitchell	fix2019 E. Wollaston, A. Mitchell	1
Thomas Earle, Josephine E. Tilden	fix2019 Thomas Earle, Josephine E. Tilden	1
Albert J. Bernatowicz, Wm. Randolph Taylor	fix2019 Albert J. Bernatowicz, Wm. Randolph Taylor	2
Ross Durland, Ted Krum	fix2019 Ross Durland, Ted Krum	1
G. E. du Plessis, A. V. Duthie	fix2019 G. E. du Plessis, A. V. Duthie	1
Luis R. Almodovar, F. Pagan, V. M. Rosado, Captain Trabert, & crew	fix2019 Luis R. Almodovar, F. Pagan, V. M. Rosado, Captain Trabert, & crew	1
A. B. Cribb, E. P. Chace	fix2019 A. B. Cribb, E. P. Chace	1
C. M. de Vos, A. V. Duthie	fix2019 C. M. de Vos, A. V. Duthie	1
T. T. McCabe, E. B. McCabe	fix2019 T. T. McCabe, E. B. McCabe	2
J. Zupan, T. C. DeCew, J. A. West etc.	fix2019 J. Zupan, T. C. DeCew, J. A. West etc.	2
E. A. Norse, R/v Searcher Station 24	fix2019 E. A. Norse, R/v Searcher Station 24	1
Lawrence M. and Mildred H. Jones, C. M. Crosby, L. A. Doore, T. T. Earle, J. E. Tilden, A. Nash, V. K. Nash, P. J. Philson, I. B. Warnock, and V. R. Warnock	fix2019 Lawrence M. and Mildred H. Jones, C. M. Crosby, L. A. Doore, T. T. Earle, J. E. Tilden, A. Nash, V. K. Nash, P. J. Philson, I. B. Warnock, and V. R. Warnock	1
M. Eliana Ramirez, G. Rojas	fix2019 M. Eliana Ramirez, G. Rojas	1
A. B. Hervey, F. S. Collins	fix2019 A. B. Hervey, F. S. Collins	2
G. F. Papenfuss, P. Willa	fix2019 G. F. Papenfuss, P. Willa	1
Thomas J. Delendick, Karen Anglin, Betty Moran, Peter O'Connor, Tony Papentoniou	fix2019 Thomas J. Delendick, Karen Anglin, Betty Moran, Peter O'Connor, Tony Papentoniou	1
DeToni, Okamura	fix2019 DeToni, Okamura	1
Luis R. Almodovar, F. Pagan, V. M. Rosado, W. Irizarry, Captain Felix	fix2019 Luis R. Almodovar, F. Pagan, V. M. Rosado, W. Irizarry, Captain Felix	1
Dave Dean, H. H. Haskin, E. T. Moul	fix2019 Dave Dean, H. H. Haskin, E. T. Moul	1
L. M. Cranwell, Young	fix2019 L. M. Cranwell, Young	1
R. Hooper, A. Whittick	fix2019 R. Hooper, A. Whittick	9
C. Lombard, A. V. Duthie	fix2019 C. Lombard, A. V. Duthie	1
Otto William Geist, H. L. Mason	fix2019 Otto William Geist, H. L. Mason	1
R. W. Ricker, C. O'Brien	fix2019 R. W. Ricker, C. O'Brien	1
M.A. Pocock, M. A. Pocock	fix2019 M.A. Pocock, M. A. Pocock	1
Cesar Acleto, Emma Cerrate	fix2019 Cesar Acleto, Emma Cerrate	1
W. A. Setchell, JPan	fix2019 W. A. Setchell, JPan	1
N. J. Eiseman, G. Hayes	fix2019 N. J. Eiseman, G. Hayes	1
W. A., C. B. Setchell	fix2019 W. A., C. B. Setchell	2
M. Ramirez, G. Rojas	fix2019 M. Ramirez, G. Rojas	2
L. R. Almodovar, V. M. Rosado, F. Pagan, J. J. Irizarry, and T. Felix	fix2019 L. R. Almodovar, V. M. Rosado, F. Pagan, J. J. Irizarry, and T. Felix	2
Rick Meyer, David Porterfield	fix2019 Rick Meyer, David Porterfield	1
John H. Hosmer, Jr. & V. Anderson	fix2019 John H. Hosmer, Jr. & V. Anderson	1
H. N. Whitford, W. I. Hutchinson	fix2019 H. N. Whitford, W. I. Hutchinson	2
E. J. Eyerdam, A.A. Beetle, E. Grondona	fix2019 E. J. Eyerdam, A.A. Beetle, E. Grondona	1
Cyn Dartez, Lani Jacobs	fix2019 Cyn Dartez, Lani Jacobs	2
Luis R. Almodovar, Fco. Pagán, B. & C. Cutress	fix2019 Luis R. Almodovar, Fco. Pagán, B. & C. Cutress	1
H. Becker, W. F. Evans	fix2019 H. Becker, W. F. Evans	1
Makoto Yoshizaki, A. M. Nonomura	fix2019 Makoto Yoshizaki, A. M. Nonomura	1
M. H. Roberge, R. G. Hooper	fix2019 M. H. Roberge, R. G. Hooper	4
Luis R. Almodovar, F. Pagan, V. M. Rosado, Captain Trabert	fix2019 Luis R. Almodovar, F. Pagan, V. M. Rosado, Captain Trabert	1
Jorge Arague, Fred A. Barkley	fix2019 Jorge Arague, Fred A. Barkley	4
G. D. Bosman, A. V. Duthie	fix2019 G. D. Bosman, A. V. Duthie	2
A. A. Lawson, W. A. Setchell	fix2019 A. A. Lawson, W. A. Setchell	1
R. Sims, K. Bucher	fix2019 R. Sims, K. Bucher	1
V. M. Rosado, J. J. Irizarry and P. J. Ramos	fix2019 V. M. Rosado, J. J. Irizarry and P. J. Ramos	2
